Company,Job Title,location,period
PGI Data,.Net Developer,"Jakarta, Indonesia",Posted 7 days ago • Apply before 19 May
PT Adicipta Inovasi Teknologi,Data Analytics Manager,"Kota Jakarta Barat, Indonesia",Posted 12 days ago • Apply before 30 May
Mobius Digital,DevOps and Data Engineer,"Tangerang Selatan, Indonesia",Posted 10 days ago • Apply before 25 Aug
PT BFI Finance Indonesia Tbk,Data Analytic Specialist ETL,"Tangerang, Indonesia",Posted 7 days ago • Apply before 4 Jun
Astra Financial,Data Quality Analyst,"Central Jakarta City, Indonesia",Posted 13 days ago • Apply before 1 Jul
paper.id,Senior Data Engineer,"North Jakarta, Indonesia",Posted a month ago • Apply before 30 May
MileApp,Data Scientist,"West Jakarta, Indonesia",Posted 6 days ago • Apply before 30 Jul
PGI Data,Odoo Developer,"Jakarta, Indonesia",Posted 11 days ago • Apply before 29 Jun
PT Fajar Gelora Inti,Finance Manager,"Jakarta Pusat, Indonesia",Posted 2 days ago • Apply before 14 Jun
PT Global Urban Esensial,Illustrator,"South Tangerang, Indonesia",Posted 5 days ago • Apply before 29 Jun
Magna Solusi Indonesia,Business Intelligence Developer,"Jakarta Selatan, Indonesia",Posted 11 days ago • Apply before 1 Jul
PhinCon,iOS Developer,"Jakarta Selatan, Indonesia",Posted 5 days ago • Apply before 9 Jun
Astra Credit Companies (ACC),Auditor,"South Jakarta, Indonesia",Posted 4 days ago • Apply before 30 Jul
Perqara,iOS Developer,"Jakarta Selatan, Indonesia",Posted 12 days ago • Apply before 29 Jul
paper.id,Senior Data Analyst,"North Jakarta, Indonesia",Posted 2 months ago • Apply before 30 May
PT BFI Finance Indonesia Tbk,Management Trainee Dealer Financing - Bali,"Denpasar, Indonesia",Posted 4 days ago • Apply before 4 Jun
PT Global Urban Esensial,Backend Developer,"South Tangerang, Indonesia",Posted a month ago • Apply before 30 Jul
PT Mobilitas Digital Indonesia,B2B Commercial Sales Account,"East Jakarta, Indonesia",Posted 10 days ago • Apply before 4 Jun
PT Bank Central Asia Tbk,Data Analyst,"Central Jakarta, Indonesia",Posted 3 months ago • Apply before 12 Dec
Kalibrr,Data Scientist,"South Jakarta, Indonesia",Posted 5 days ago • Apply before 9 May
Algoritma,Business Intelligence Instructor,"Jakarta, Indonesia",Posted a month ago • Apply before 30 May
PT IDStar Cipta Teknologi,ETL Developer,"South Jakarta, Indonesia",Posted a month ago • Apply before 29 May
PT Majoo Teknologi Indonesia,Key Account Jr. Executive,"Jakarta Selatan, Indonesia",Posted a month ago • Apply before 11 Jun
PT. Royal Trust,Data Entry,"South Jakarta, Indonesia",Posted a month ago • Apply before 30 May
Cyber Future Forex,Business Consultant,"Jakarta Utara, Indonesia",Posted a month ago • Apply before 10 Jul
Astra Credit Companies (ACC),Credit Analyst (Retail Underwriter Officer),"Yogyakarta, Indonesia",Posted 2 months ago • Apply before 30 Dec
MileApp,Account Executive,"West Jakarta, Indonesia",Posted 2 months ago • Apply before 20 May
VLink Inc,Data Engineer,"Jakarta Selatan, Indonesia",Posted 19 days ago • Apply before 25 Apr
Schoters,Data Analyst,"South Jakarta, Indonesia",Posted 6 days ago • Apply before 3 Jul
Astra Financial,Growth Campaign,"South Jakarta, Indonesia",Posted 2 months ago • Apply before 25 May
PGI Data,System Administrator,"Jakarta, Indonesia",Posted 4 days ago • Apply before 9 Jul
Astra Credit Companies (ACC),Credit Analyst (Retail Underwriter Officer),"Yogyakarta, Indonesia",Posted 2 months ago • Apply before 30 Dec
Mitra Solusi Infokom,Presales SSA,"Jakarta Barat, Indonesia",Posted 5 days ago • Apply before 29 May
VLink Inc,Data Engineer,"Jakarta Selatan, Indonesia",Posted 19 days ago • Apply before 25 Apr
KST,Software Quality Assurance (QA),"Jakarta Selatan, Indonesia",Posted 7 days ago • Apply before 11 Nov
Gear Inc,Senior Accountant,"Surabaya, Indonesia",Posted 19 days ago • Apply before 23 May
Home Credit Indonesia,Data Governance Manager,"South Jakarta, Indonesia",Posted 5 days ago • Apply before 8 Jul
PT BFI Finance Indonesia Tbk,Data Engineer,"Tangerang, Indonesia",Posted 18 days ago • Apply before 25 Apr
MileApp,Account Executive,"West Jakarta, Indonesia",Posted 2 months ago • Apply before 20 May
PT IONPay Networks (NICEPAY),Merchant Acquisition Officer,"South Jakarta, Indonesia",Posted 6 days ago • Apply before 7 Jul
Cetta Online Class,Study Abroad Counselor,"Jakarta Selatan, Indonesia",Posted 11 days ago • Apply before 2 Jul
Jaris & K,Account Executive,"Jakarta Selatan, Indonesia",Posted 13 days ago • Apply before 30 Jun
PhinCon,Android Developer,"Jakarta Selatan, Indonesia",Posted a month ago • Apply before 30 May
PT Prodia Widyahusada Tbk. (Prodia),IT Microservices Architecture,"Central Jakarta, Indonesia",Posted 7 days ago • Apply before 29 Jun
Wistkey Technologies Limited / MamaHelpers,Software Developer,"Central Jakarta, Indonesia",Posted a month ago • Apply before 30 May
KST,Software Quality Assurance (QA),"Jakarta Selatan, Indonesia",Posted 7 days ago • Apply before 11 Nov
Gear Inc,Senior Accountant,"Surabaya, Indonesia",Posted 19 days ago • Apply before 23 May
MileApp,Account Executive,"West Jakarta, Indonesia",Posted 2 months ago • Apply before 20 May
PT IONPay Networks (NICEPAY),Merchant Acquisition Officer,"South Jakarta, Indonesia",Posted 6 days ago • Apply before 7 Jul
Algoritma,Education Consultant Intern,"Jakarta Selatan, Indonesia",Posted 7 days ago • Apply before 29 Jun
FinAccel,Senior Database Administrator,"South Jakarta, Indonesia",Posted 5 days ago • Apply before 29 Jun
Cetta Online Class,Study Abroad Counselor,"Jakarta Selatan, Indonesia",Posted 11 days ago • Apply before 2 Jul
Jaris & K,Account Executive,"Jakarta Selatan, Indonesia",Posted 13 days ago • Apply before 30 Jun
PhinCon,Android Developer,"Jakarta Selatan, Indonesia",Posted a month ago • Apply before 30 May
Wistkey Technologies Limited / MamaHelpers,Software Developer,"Central Jakarta, Indonesia",Posted a month ago • Apply before 30 May
GITS Indonesia,Sales Manager,"South Jakarta, Indonesia",Posted 7 days ago • Apply before 20 Sep
Astra Financial,API Specialist,"Central Jakarta City, Indonesia",Posted 5 days ago • Apply before 30 Jul
Kraft Heinz ABC Indonesia,Area Sales Manager Food Service Bandung,"Bandung, Indonesia",Posted 19 days ago • Apply before 17 Jun
PT Panin Dai-Ichi Life (Bancassurance),Bancassurance Officer (Area: DKI Jakarta & Jawa Barat),"Central Jakarta, Indonesia",Posted 10 days ago • Apply before 16 May
Home Credit Indonesia,Antifraud Analytics Manager,"South Jakarta, Indonesia",Posted 5 days ago • Apply before 8 Jul
PT BFI Finance Indonesia Tbk,BFI Finance X Arkavidia - Data Architect,"Tangerang, Indonesia",Posted 3 months ago • Apply before 29 Dec
PT BFI Finance Indonesia Tbk,BFI Finance X Arkavidia - Data Engineer,"Tangerang, Indonesia",Posted 3 months ago • Apply before 30 Dec
PhinCon,Android Developer,"Jakarta Selatan, Indonesia",Posted a month ago • Apply before 30 May
PT Prodia Widyahusada Tbk. (Prodia),IT Unified Communication Supervisor,"Central Jakarta, Indonesia",Posted 19 days ago • Apply before 18 Jun
FIFGROUP,IT MIS & Customer Application,"South Jakarta, Indonesia",Posted a month ago • Apply before 10 Jun
PT Prodia Widyahusada Tbk. (Prodia),IT - System & Cloud Administrator,"Central Jakarta, Indonesia",Posted 7 days ago • Apply before 30 Aug
PT Alam Sutera Realty Tbk,"Finance Accounting Staff (Pasar Kemis, Kab. Tangerang)","Tangerang Kota, Indonesia",Posted 11 days ago • Apply before 2 Jul
OY! Indonesia,Senior Partnership,"Kota Jakarta Selatan, Indonesia",Posted a month ago • Apply before 8 Jun
AdaPundi,Risk Control Assistant (Mandarin Speaker),"Jakarta Selatan, Indonesia",Posted a month ago • Apply before 15 Jun
Kitabisa,Senior Business Intelligence Analyst,"South Jakarta, Indonesia",Posted 10 days ago • Apply before 31 May
PT. Jasa Teknologi Informasi IBM,SAP SD Support,"Central Jakarta, Indonesia",Posted a month ago • Apply before 12 Jun
Cyber Future Forex,Marketing Consultant,"Jakarta, Indonesia",Posted a month ago • Apply before 10 Jun
Sharon Bakery (PT Multi Star Rukun Abadi),Kepala Produksi Bread Crumb,"Bandung Kabupaten, Indonesia",Posted a month ago • Apply before 29 May
Cyber Future Forex,Account Manager,"Jakarta Utara, Indonesia",Posted a month ago • Apply before 11 Aug
SKINTIFIC,Brand Marketing,"Jakarta Selatan, Indonesia",Posted 2 months ago • Apply before 30 May
Algoritma,Operations Intern,"Jakarta Selatan, Indonesia",Posted 7 days ago • Apply before 29 Jun
SKINTIFIC,Beauty Product Development,"Jakarta Selatan, Indonesia",Posted 11 days ago • Apply before 2 Aug
Cyber Future Forex,Business Consultant - Penempatan Jakarta Selatan,"South Jakarta, Indonesia",Posted a month ago • Apply before 29 Jul
PT BFI Finance Indonesia Tbk,Centro Data Video Editing Staff,"Tangerang, Indonesia",Posted a month ago • Apply before 15 Jun
PT Bank Central Asia Tbk,BCA Development Program IT (BDP IT),"Central Jakarta, Indonesia",Posted a month ago • Apply before 30 Dec
Algoritma,Corporate Development Intern,"Jakarta, Indonesia",Posted 7 days ago • Apply before 29 Jun
PT BFI Finance Indonesia Tbk,BFI Finance X Arkavidia - Data Architect,"Tangerang, Indonesia",Posted 3 months ago • Apply before 29 Dec
PT BFI Finance Indonesia Tbk,BFI Finance X Arkavidia - Data Engineer,"Tangerang, Indonesia",Posted 3 months ago • Apply before 30 Dec
PT Prodia Widyahusada Tbk. (Prodia),IT Unified Communication Supervisor,"Central Jakarta, Indonesia",Posted 19 days ago • Apply before 18 Jun
FIFGROUP,IT MIS & Customer Application,"South Jakarta, Indonesia",Posted a month ago • Apply before 10 Jun
PT BFI Finance Indonesia Tbk,Operational QA Data Analyst,"Tangerang, Indonesia",Posted a month ago • Apply before 28 May
OY! Indonesia,Senior Partnership,"Kota Jakarta Selatan, Indonesia",Posted a month ago • Apply before 8 Jun
"DOKU, PT NUSA SATU INTI ARTHA",Treasury Manager,"Jakarta Selatan, Indonesia",Posted a month ago • Apply before 16 Jun
TOMP'S,Business Development,"Jakarta Selatan, Indonesia",Posted a month ago • Apply before 19 May
Cyber Future Forex,Marketing Consultant,"Jakarta, Indonesia",Posted a month ago • Apply before 10 Jun
Cyber Future Forex,Telemarketer,"Jakarta, Indonesia",Posted a month ago • Apply before 10 Jun
PT Global Urban Esensial,Growth B2C Lead,"South Tangerang, Indonesia",Posted 11 days ago • Apply before 2 Jul
TOMP'S,Business Development,"Jakarta Selatan, Indonesia",Posted a month ago • Apply before 19 May
PT BFI Finance Indonesia Tbk,Risk Manager | PinjamModal,"Tangerang, Indonesia",Posted 2 months ago • Apply before 21 May
PCS Group,Backend Developer,"Tangerang Selatan, Indonesia",Posted 13 days ago • Apply before 29 Aug
Algoritma,Education Consultant Intern,"Jakarta Selatan, Indonesia",Posted 7 days ago • Apply before 29 Jun
FinAccel,Product Manager,"South Jakarta, Indonesia",Posted 3 months ago • Apply before 18 Aug
Marga Nusantara Jaya,Branch Administration Officer,"Jakarta Timur, Indonesia",Posted 4 months ago • Apply before 30 Dec
FinAccel,Senior Database Administrator,"South Jakarta, Indonesia",Posted 5 days ago • Apply before 29 Jun
PT. Jasa Teknologi Informasi IBM,Package Consultant - SAP SCM SD & PP,"Central Jakarta, Indonesia",Posted 6 days ago • Apply before 7 Jul
Alodokter,Head of Corporate Sales,"Kota Jakarta Selatan, Indonesia",Posted 3 days ago • Apply before 11 Jun
Abhidi Solution,ServiceNow Developer,"Jakarta Pusat, Indonesia",Posted 4 days ago • Apply before 9 Jul
Dans Multi Pro,Account Manager,"Jakarta Selatan, Indonesia",Posted 7 days ago • Apply before 6 Jul
PT Midas Daya Teknologi,System Analyst,"Jakarta, Indonesia",Posted 2 months ago • Apply before 26 May
Intrepid Group Asia,Head of Finance,"Jakarta, Indonesia",Posted 5 days ago • Apply before 6 Jul
PT Majoo Teknologi Indonesia,Telesales Business Partner,"South Jakarta, Indonesia",Posted 6 days ago • Apply before 29 Jun
PT Panin Dai-Ichi Life (Bancassurance),Bancassurance Officer (Area: DKI Jakarta & Jawa Barat),"Central Jakarta, Indonesia",Posted 10 days ago • Apply before 16 May
PT Global Urban Esensial,Growth B2C Lead,"South Tangerang, Indonesia",Posted 11 days ago • Apply before 2 Jul
PT Berlian Sistem Informasi,IT Product Management,"Jakarta Timur, Indonesia",Posted 3 months ago • Apply before 19 Sep
FinAccel,Backend Engineer,"Jakarta Pusat, Indonesia",Posted 4 months ago • Apply before 30 Dec
FinAccel,Data Analyst (Underwriting),"South Jakarta, Indonesia",Posted 17 days ago • Apply before 30 Aug
Asuransi Astra,IT Security Architect,"South Jakarta, Indonesia",Posted 7 days ago • Apply before 29 Aug
Marga Nusantara Jaya,Branch Administration Officer,"Jakarta Timur, Indonesia",Posted 4 months ago • Apply before 30 Dec
Gluon Consulting Pte. Ltd.,Flutter Mobile | Web Developer,"Central Jakarta, Indonesia",Posted 2 months ago • Apply before 30 Jun
PT. Jasa Teknologi Informasi IBM,Package Consultant - SAP SCM SD & PP,"Central Jakarta, Indonesia",Posted 6 days ago • Apply before 7 Jul
Alodokter,Head of Corporate Sales,"Kota Jakarta Selatan, Indonesia",Posted 3 days ago • Apply before 11 Jun
Abhidi Solution,ServiceNow Developer,"Jakarta Pusat, Indonesia",Posted 4 days ago • Apply before 9 Jul
Dans Multi Pro,Account Manager,"Jakarta Selatan, Indonesia",Posted 7 days ago • Apply before 6 Jul
PT BFI Finance Indonesia Tbk,Senior Data Scientist,"Tangerang, Indonesia",Posted 12 days ago • Apply before 2 Jul
PT Midas Daya Teknologi,System Analyst,"Jakarta, Indonesia",Posted 2 months ago • Apply before 26 May
Intrepid Group Asia,Head of Finance,"Jakarta, Indonesia",Posted 5 days ago • Apply before 6 Jul
PT LAKU6 ONLINE INDONESIA,SPG/SPB,"Jakarta, Indonesia",Posted a month ago • Apply before 11 Jun
PT Astra Graphia Information Technology,.Net Developer,"Kota Jakarta Pusat, Indonesia",Posted a month ago • Apply before 30 Jul
GITS Indonesia,Accounting Staff,"Bandung Kota, Indonesia",Posted 7 days ago • Apply before 6 Jul
PT BFI Finance Indonesia Tbk,Marketing Syariah - Mojokerto,"Mojokerto, Indonesia",Posted 5 days ago • Apply before 29 Sep
paper.id,Associate Product Manager (Jakarta and Malang),"North Jakarta, Indonesia",Posted 18 days ago • Apply before 29 Jun
Investree,UX Researcher,"Jakarta, Indonesia",Posted 13 days ago • Apply before 9 Nov
Aleph Labs,Android Developer (Contract Based),"Kota Jakarta Selatan, Indonesia",Posted 4 days ago • Apply before 9 Jul
PT Bumi Amartha Teknologi Mandiri,Data Engineer/ ETL,"Jakarta Selatan, Indonesia",Posted 18 days ago • Apply before 24 Aug
FinAccel,Fullstack Engineer,"Central Jakarta, Indonesia",Posted 4 months ago • Apply before 30 Dec
PT Bank Central Asia Tbk,IT Asset Management Staff,"Central Jakarta, Indonesia",Posted 2 months ago • Apply before 30 Dec
PT InfraCom Technology,IT Treasury Business Analyst,"Jakarta Pusat, Indonesia",Posted 19 days ago • Apply before 19 Jun
PT Asuransi Allianz Life Indonesia,Actuary Pricing,"South Jakarta, Indonesia",Posted a month ago • Apply before 29 Jun
PT BFI Finance Indonesia Tbk,Customer Research,"Tangerang, Indonesia",Posted a month ago • Apply before 12 Jun
Hana Bank,Data Engineer Lead,"Jakarta Selatan, Indonesia",Posted a month ago • Apply before 29 Jun
PT BFI Finance Indonesia Tbk,Product Development Specialist | PinjamModal,"Tangerang, Indonesia",Posted 2 months ago • Apply before 15 May
PT Majoo Teknologi Indonesia,Telesales Business Partner,"South Jakarta, Indonesia",Posted 6 days ago • Apply before 29 Jun
Rakamin Academy,Data Analyst,"South Jakarta, Indonesia",Posted 11 days ago • Apply before 2 Aug
PT Berlian Sistem Informasi,IT Product Management,"Jakarta Timur, Indonesia",Posted 3 months ago • Apply before 19 Sep
Asuransi Astra,IT Security Architect,"South Jakarta, Indonesia",Posted 7 days ago • Apply before 29 Aug
PT Bank Central Asia Tbk,IT Asset Management Staff,"Central Jakarta, Indonesia",Posted 2 months ago • Apply before 30 Dec
Kompas Gramedia,Research Assistant (Contract Based) - Universitas Multimedia Nusantara,"Tangerang, Indonesia",Posted a month ago • Apply before 30 Dec
PT LAKU6 ONLINE INDONESIA,SPG/SPB,"Jakarta, Indonesia",Posted a month ago • Apply before 11 Jun
paper.id,Associate Product Manager (Jakarta and Malang),"North Jakarta, Indonesia",Posted 18 days ago • Apply before 29 Jun
MITech,.NET Developer,"Jakarta, Indonesia",Posted a month ago • Apply before 7 Dec
paper.id,DevOps Engineer (Jakarta and Malang),"North Jakarta, Indonesia",Posted 11 days ago • Apply before 29 Jun
PT Panin Dai-Ichi Life (Bancassurance),"Bancassurance Oficer (Area: Pluit, Cengkareng, Bekasi, Karawang, Cikarang)","North Jakarta, Indonesia",Posted 10 days ago • Apply before 3 Jul
PT Bank Central Asia Tbk,Network Engineer,"Central Jakarta, Indonesia",Posted a month ago • Apply before 24 Nov
PT Asuransi Allianz Life Indonesia,Actuary Pricing,"South Jakarta, Indonesia",Posted a month ago • Apply before 29 Jun
PT BFI Finance Indonesia Tbk,Commercial & Corporate Operation,"Tangerang, Indonesia",Posted a month ago • Apply before 16 Jun
paper.id,DevOps Engineer (Jakarta and Malang),"North Jakarta, Indonesia",Posted 11 days ago • Apply before 29 Jun
PT Panin Dai-Ichi Life (Bancassurance),"Bancassurance Oficer (Area: Pluit, Cengkareng, Bekasi, Karawang, Cikarang)","North Jakarta, Indonesia",Posted 10 days ago • Apply before 3 Jul
PT BCA Finance,Business Analyst (Digital Process Automation),"South Jakarta, Indonesia",Posted a month ago • Apply before 30 May
Nusantics,Inventory Analyst,"Jakarta Timur, Indonesia",Posted 3 days ago • Apply before 10 Jul
PT Bank Central Asia Tbk,Network Engineer,"Central Jakarta, Indonesia",Posted a month ago • Apply before 24 Nov
PT BFI Finance Indonesia Tbk,Customer Service - Branch Tasikmalaya,"Tangerang, Indonesia",Posted a month ago • Apply before 11 Jun
PT. Jasa Teknologi Informasi IBM,Back End Developer,"Central Jakarta, Indonesia",Posted 2 months ago • Apply before 30 May
FinAccel,QA Engineer (Mobile),"South Jakarta, Indonesia",Posted 3 months ago • Apply before 27 Dec
PT Bank Mandiri Taspen,Information & Technology (IT) Security,"Jakarta, Indonesia",Posted 4 days ago • Apply before 25 May
paper.id,Tech Lead (Jakarta and Malang),"North Jakarta, Indonesia",Posted 13 days ago • Apply before 29 Jun
Andalin,Andalin Future Leader Development Program,"Jakarta Selatan, Indonesia",Posted 5 days ago • Apply before 29 Aug
Kraft Heinz ABC Indonesia,Customer Development Leader - Food Service (CDL FS) Jakarta,"South Jakarta, Indonesia",Posted 2 months ago • Apply before 17 May
Hana Bank,Data Analyst,"Jakarta Selatan, Indonesia",Posted a month ago • Apply before 16 Jun
PT BFI Finance Indonesia Tbk,Lead Data Engineer,"Tangerang, Indonesia",Posted a month ago • Apply before 11 Jun
PT. Sinar Mitra Sepadan Finance (SMSFinance),HR Industrial Relation Specialist,"Jakarta Selatan, Indonesia",Posted 6 days ago • Apply before 2 Jul
Kompas Gramedia,System Engineer (Information Security Engineer) - Corp. IT & IS,"West Jakarta, Indonesia",Posted 4 days ago • Apply before 30 Jul
Compas.co.id,Data and Product Quality Assurance,"Jakarta Pusat, Indonesia",Posted 18 days ago • Apply before 25 Jun
PT BFI Finance Indonesia Tbk,IT Auditor Specialist,"Tangerang, Indonesia",Posted a month ago • Apply before 15 Dec
PT Bumi Amartha Teknologi Mandiri,System Analyst,"Jakarta Selatan, Indonesia",Posted a month ago • Apply before 28 Jun
PT Midas Daya Teknologi,Senior Business Analyst,"Jakarta, Indonesia",Posted 2 months ago • Apply before 27 May
Dekoruma,Business Development Internship (Thudio),"Kota Jakarta Barat, Indonesia",Posted a month ago • Apply before 1 Jun
PT BCA Finance,Business Analyst (Digital Process Automation),"South Jakarta, Indonesia",Posted a month ago • Apply before 30 May
FinAccel,QA Engineer (Mobile),"South Jakarta, Indonesia",Posted 3 months ago • Apply before 27 Dec
PT Bank Mandiri Taspen,Information & Technology (IT) Security,"Jakarta, Indonesia",Posted 4 days ago • Apply before 25 May
PT Bank Central Asia Tbk,Data Center System Operator & Facility Management,"Central Jakarta, Indonesia",Posted 6 months ago • Apply before 12 Dec
Andalin,Andalin Future Leader Development Program,"Jakarta Selatan, Indonesia",Posted 5 days ago • Apply before 29 Aug
GITS Indonesia,HR Compensation & Benefits,"Bandung Kota, Indonesia",Posted 7 days ago • Apply before 20 Sep
PT Andalan Nusantara Teknologi,Senior IT Engineers (GOV/DEV/INF) / Professional Trainers,"Jakarta Pusat, Indonesia",Posted 13 days ago • Apply before 14 Jun
Kompas Gramedia,Back End Developer - Digital IT,"Jakarta Pusat, Indonesia",Posted 2 months ago • Apply before 30 Aug
Yayasan Konservasi Alam Nusantara,Project Management System Specialist,"South Jakarta, Indonesia",Posted 4 days ago • Apply before 30 May
PT Bank Central Asia Tbk,Security Operations Center Engineer,"Central Jakarta, Indonesia",Posted 4 months ago • Apply before 11 Dec
FinAccel,Data Analyst (Business Development),"South Jakarta, Indonesia",Posted 7 days ago • Apply before 30 Jul
PT Bumi Amartha Teknologi Mandiri,Technical Writer,"Jakarta Selatan, Indonesia",Posted 4 days ago • Apply before 9 Jul
PT Sinar Mas Digital Ventures,Operations Lead,"Bekasi, Indonesia",Posted 3 months ago • Apply before 22 May
IDN Media,Account Manager (Production House),"Jakarta, Indonesia",Posted 2 months ago • Apply before 29 May
PT Bank Central Asia Tbk,Network Engineer (Bahasa Mandarin),"Central Jakarta, Indonesia",Posted 2 months ago • Apply before 24 Dec
paper.id,Product Manager (Jakarta and Malang),"North Jakarta, Indonesia",Posted 19 days ago • Apply before 26 Oct
Investree,Business Development Manager,"Jakarta, Indonesia",Posted 12 days ago • Apply before 29 Jun
Pajak.io,Growth Marketing,"Kota Jakarta Pusat, Indonesia",Posted 3 days ago • Apply before 10 Jul
PT BFI Finance Indonesia Tbk,BFI Finance X Arkavidia - Technical Lead,"South Tangerang, Indonesia",Posted 3 months ago • Apply before 30 May
Compas.co.id,Account Executive,"Jakarta Pusat, Indonesia",Posted 13 days ago • Apply before 29 Jul
PT. Jasa Teknologi Informasi IBM,Big Data Administrator,"Central Jakarta, Indonesia",Posted a month ago • Apply before 9 Aug
FIFGROUP,Anti Fraud Officer,"South Jakarta, Indonesia",Posted a month ago • Apply before 9 Jun
PT Adi Data Informatika,Quality Assurance Tester,"Jakarta Barat, Indonesia",Posted 4 months ago • Apply before 30 Jul
Jaris & K,Business Development Staff,"Jakarta Selatan, Indonesia",Posted 13 days ago • Apply before 29 May
Kompas Gramedia,Back End Developer - Digital IT,"Jakarta Pusat, Indonesia",Posted 2 months ago • Apply before 30 Aug
PT Adi Data Informatika,IOS & Android Developer,"Jakarta Barat, Indonesia",Posted a month ago • Apply before 10 Jun
PT Adi Data Informatika,Quality Assurance Tester,"Jakarta Barat, Indonesia",Posted 4 months ago • Apply before 30 Jul
IDN Media,Senior Digital Strategy Associate (Production House),"Jakarta, Indonesia",Posted a month ago • Apply before 19 May
Moneta Pay,Account Manager (Mandarin Speaker),"Jakarta Barat, Indonesia",Posted 5 months ago • Apply before 9 Oct
Permata Bank,"Audit, Data Analytics","Tangerang, Indonesia",Posted 3 months ago • Apply before 29 Jun
PT Sinar Mas Digital Ventures,President Director,"Surabaya, Indonesia",Posted 3 months ago • Apply before 9 Dec
Marga Nusantara Jaya,SALES ADMINISTRATION OFFICER,"Jakarta Timur, Indonesia",Posted 6 months ago • Apply before 30 May
Kraft Heinz ABC Indonesia,Business Intelligence Senior Analyst,"Jakarta Selatan, Indonesia",Posted a month ago • Apply before 8 Jun
PT Dipo Star Finance,Employee Experience Supervisor,"Jakarta Pusat, Indonesia",Posted a month ago • Apply before 9 Jun
PT Asahimas Flat Glass Tbk,Purchasing (MT/ Staff),"Jakarta Pusat, Indonesia",Posted 5 days ago • Apply before 8 Jul
ATI Business Group,Corporate IT Leader,"Central Jakarta, Indonesia",Posted 10 days ago • Apply before 3 Jul
"DOKU, PT NUSA SATU INTI ARTHA",System & Cloud Engineer,"Jakarta Selatan, Indonesia",Posted a month ago • Apply before 3 Jun
PT BFI Finance Indonesia Tbk,Human Capital Internship (Magang),"Tangerang, Indonesia",Posted 12 days ago • Apply before 30 Jun
PT Sinar Mas Digital Ventures,Operations Lead,"Bekasi, Indonesia",Posted 3 months ago • Apply before 22 May
